Name,Color,Rarity,# Seen,ALSA,# Picked,ATA,# GP,GP WR,# OH,OH WR,# GD,GD WR,# GIH,GIH WR,# GND,GND WR,IWD
+2 Mace,W,C,69713,6.99,8445,10.05,14336,52.60%,2556,50.00%,4121,50.00%,6677,50.00%,7988,54.60%,-4.7pp
,,,,,,,,,,,,,,,,,
Arborea Pegasus,W,C,57932,5.22,11074,6.95,36178,54.10%,8012,53.10%,13070,55.50%,21082,54.60%,17990,53.60%,1.0pp
,,,,,,,,,,,,,,,,,
Blink Dog,W,U,24395,6.39,3187,9.34,4957,51.10%,972,47.20%,1261,51.80%,2233,49.80%,2843,52.00%,-2.2pp
,,,,,,,,,,,,,,,,,
The Book of Exalted Deeds,W,M,1833,2.81,521,3.03,1212,53.50%,173,,385,57.40%,558,53.00%,658,54.10%,-1.1pp
,,,,,,,,,,,,,,,,,
Celestial Unicorn,W,C,54473,5.19,9829,6.81,27928,54.80%,7391,55.70%,11624,55.40%,19015,55.50%,12646,53.60%,1.9pp
,,,,,,,,,,,,,,,,,
Cleric Class,W,U,15228,4.04,3761,4.75,13780,56.00%,2680,55.00%,4726,58.40%,7406,57.20%,6898,55.10%,2.1pp
,,,,,,,,,,,,,,,,,
Cloister Gargoyle,W,U,17161,4.28,3876,5.27,13481,54.10%,2898,53.30%,4775,58.90%,7673,56.80%,6711,52.10%,4.8pp
,,,,,,,,,,,,,,,,,
Dancing Sword,W,R,2577,1.87,1638,1.87,8389,55.20%,1497,56.30%,2254,56.10%,3751,56.20%,4683,54.50%,1.7pp
,,,,,,,,,,,,,,,,,
Dawnbringer Cleric,W,C,60503,5.54,9511,7.67,31440,54.10%,6862,52.90%,10152,56.30%,17014,54.90%,16165,53.30%,1.6pp
,,,,,,,,,,,,,,,,,
Delver's Torch,W,C,60410,5.64,7951,8.11,23911,53.40%,4528,52.30%,7205,53.80%,11733,53.20%,12784,53.60%,-0.3pp
,,,,,,,,,,,,,,,,,
Devoted Paladin,W,C,67546,6.51,8694,9.33,17895,53.00%,3172,52.80%,5285,53.00%,8457,52.90%,9956,52.90%,0.0pp
,,,,,,,,,,,,,,,,,
Divine Smite,W,U,26846,7.29,2988,10.97,896,50.20%,143,,265,52.50%,408,49.30%,502,51.20%,-1.9pp
,,,,,,,,,,,,,,,,,
Dragon's Disciple,W,U,26653,7.17,3298,10.42,2661,52.30%,538,53.00%,720,48.90%,1258,50.60%,1480,53.80%,-3.1pp
,,,,,,,,,,,,,,,,,
Dwarfhold Champion,W,C,60382,5.53,11641,7.23,34386,54.00%,8971,55.90%,12360,53.60%,21331,54.50%,16496,53.30%,1.3pp
,,,,,,,,,,,,,,,,,
Flumph,W,R,7737,5.28,1127,7.8,954,49.20%,161,,239,42.70%,400,44.80%,567,51.50%,-6.7pp
,,,,,,,,,,,,,,,,,
Gloom Stalker,W,C,72631,7.47,8096,10.89,7925,51.00%,1640,46.90%,2457,51.20%,4097,49.50%,4199,51.80%,-2.4pp
,,,,,,,,,,,,,,,,,
Grand Master of Flowers,W,M,978,1.32,731,1.29,3708,54.00%,657,58.10%,978,58.10%,1635,58.10%,2094,50.60%,7.5pp
,,,,,,,,,,,,,,,,,
Guardian of Faith,W,R,3352,2.6,1119,2.76,5075,53.30%,871,49.90%,1368,55.00%,2239,53.00%,2875,53.50%,-0.5pp
,,,,,,,,,,,,,,,,,
Half-Elf Monk,W,C,67875,6.63,9421,9.33,21059,53.10%,3829,50.80%,6440,53.00%,10269,52.20%,11521,53.60%,-1.4pp
,,,,,,,,,,,,,,,,,
"Icingdeath, Frost Tyrant",W,M,904,1.29,706,1.25,3836,56.10%,667,59.80%,1086,60.50%,1753,60.20%,2146,52.90%,7.4pp
,,,,,,,,,,,,,,,,,
Ingenious Smith,W,U,20973,5.36,2826,7.69,6565,52.90%,1423,56.50%,1894,53.60%,3317,54.90%,3573,51.60%,3.3pp
,,,,,,,,,,,,,,,,,
Keen-Eared Sentry,W,U,25678,6.78,3122,9.94,3906,51.30%,714,51.30%,1049,49.30%,1763,50.10%,2231,52.00%,-2.0pp
,,,,,,,,,,,,,,,,,
Loyal Warhound,W,R,3214,2.39,1367,2.49,6606,54.70%,1227,59.30%,1736,55.80%,2963,57.20%,3737,52.70%,4.5pp
,,,,,,,,,,,,,,,,,
Minimus Containment,W,C,37452,3.51,9488,4.28,36332,53.90%,8099,50.70%,13411,55.30%,21510,53.60%,17546,54.30%,-0.8pp
,,,,,,,,,,,,,,,,,
Monk of the Open Hand,W,U,22279,5.81,3055,8.24,6455,52.60%,1307,53.40%,2051,52.50%,3358,52.90%,3457,53.10%,-0.3pp
,,,,,,,,,,,,,,,,,
Moon-Blessed Cleric,W,U,20904,5.21,3538,7.03,10745,53.70%,2036,51.60%,3105,54.50%,5141,53.40%,5842,53.80%,-0.4pp
,,,,,,,,,,,,,,,,,
"Nadaar, Selfless Paladin",W,R,2043,1.41,1523,1.37,8854,58.90%,1678,69.80%,2561,64.90%,4239,66.80%,4853,52.50%,14.3pp
,,,,,,,,,,,,,,,,,
Oswald Fiddlebender,W,R,7232,4.9,1272,6.79,2532,53.10%,425,56.00%,651,51.00%,1076,53.00%,1475,53.20%,-0.2pp
,,,,,,,,,,,,,,,,,
Paladin Class,W,R,2229,1.62,1513,1.55,7980,56.20%,1478,61.70%,2420,58.60%,3898,59.70%,4135,53.00%,6.8pp
,,,,,,,,,,,,,,,,,
Paladin's Shield,W,C,74477,7.86,8605,11.32,6480,51.70%,1097,48.30%,1803,49.10%,2900,48.80%,3688,53.70%,-4.9pp
,,,,,,,,,,,,,,,,,
Planar Ally,W,C,49649,4.54,8497,6.08,31217,54.10%,6232,53.00%,11212,56.00%,17444,54.90%,15998,53.30%,1.6pp
,,,,,,,,,,,,,,,,,
Plate Armor,W,U,12496,3.3,4827,3.63,21601,54.60%,4009,53.40%,6668,56.30%,10677,55.20%,11581,54.30%,0.9pp
,,,,,,,,,,,,,,,,,
Portable Hole,W,U,17476,4.3,4001,5.33,16551,54.40%,3030,53.30%,4619,55.60%,7649,54.70%,9155,54.10%,0.6pp
,,,,,,,,,,,,,,,,,
Potion of Healing,W,C,72237,7.43,8990,10.53,10252,53.70%,2407,53.90%,3720,54.90%,6127,54.50%,5019,53.40%,1.1pp
,,,,,,,,,,,,,,,,,
Priest of Ancient Lore,W,C,37137,3.43,12727,3.96,45707,55.70%,12250,58.00%,18067,58.80%,30317,58.50%,21355,52.80%,5.7pp
,,,,,,,,,,,,,,,,,
Rally Maneuver,W,U,21311,5.26,3829,6.98,13060,53.60%,2264,51.20%,3550,56.80%,5814,54.60%,7423,52.90%,1.7pp
,,,,,,,,,,,,,,,,,
Ranger's Hawk,W,C,66670,6.39,9741,8.86,26040,54.10%,5649,55.60%,8029,55.20%,13678,55.40%,13759,53.10%,2.3pp
,,,,,,,,,,,,,,,,,
Steadfast Paladin,W,C,46251,4.12,12966,4.98,46222,55.40%,12461,58.70%,17667,56.90%,30128,57.70%,21629,53.00%,4.7pp
,,,,,,,,,,,,,,,,,
Teleportation Circle,W,R,2943,2.16,1713,2.15,8485,54.10%,1486,55.90%,2794,57.90%,4280,57.20%,4281,51.20%,6.0pp
,,,,,,,,,,,,,,,,,
Veteran Dungeoneer,W,C,56949,5.14,11649,6.65,35472,54.80%,8357,56.00%,14038,58.20%,22395,57.40%,17015,52.60%,4.8pp
,,,,,,,,,,,,,,,,,
White Dragon,W,U,11366,3.03,3494,3.41,16404,55.40%,2832,55.00%,5063,59.50%,7895,57.90%,8958,53.10%,4.7pp
,,,,,,,,,,,,,,,,,
You Hear Something on Watch,W,C,53693,4.79,11603,6.17,39839,54.90%,9369,55.00%,14406,58.00%,23775,56.80%,19422,53.30%,3.5pp
,,,,,,,,,,,,,,,,,
You're Ambushed on the Road,W,C,76052,7.97,9991,11.1,9103,55.20%,1629,54.30%,2719,54.70%,4348,54.60%,4950,55.60%,-1.1pp
,,,,,,,,,,,,,,,,,
Aberrant Mind Sorcerer,U,U,21866,5.61,2705,8.02,5080,50.60%,863,48.40%,1751,54.00%,2614,52.10%,2669,49.30%,2.8pp
,,,,,,,,,,,,,,,,,
Air-Cult Elemental,U,C,68624,7.03,8232,9.85,14661,53.70%,2703,51.90%,5506,57.40%,8209,55.60%,7351,51.90%,3.7pp
,,,,,,,,,,,,,,,,,
Arcane Investigator,U,C,70697,7.27,7600,10.28,15071,54.00%,3508,54.30%,5317,55.60%,8825,55.10%,7386,53.00%,2.0pp
,,,,,,,,,,,,,,,,,
Bar the Gate,U,C,70881,7.57,6720,11.14,6180,53.00%,1357,55.60%,2263,56.60%,3620,56.20%,3000,50.30%,5.9pp
,,,,,,,,,,,,,,,,,
The Blackstaff of Waterdeep,U,R,6942,4.94,1022,7.02,558,,112,,171,,283,49.50%,282,44.30%,5.1pp
,,,,,,,,,,,,,,,,,
Blue Dragon,U,U,16636,4.3,2477,5.71,8243,53.20%,1385,51.50%,2867,56.10%,4252,54.60%,4270,51.90%,2.7pp
,,,,,,,,,,,,,,,,,
Charmed Sleep,U,C,52989,5.06,5859,7.1,16320,53.70%,3942,52.30%,7018,56.30%,10960,54.80%,7264,52.80%,2.1pp
,,,,,,,,,,,,,,,,,
Clever Conjurer,U,C,73097,7.73,8700,10.67,12738,53.20%,3055,54.00%,4594,54.50%,7649,54.30%,6176,51.90%,2.4pp
,,,,,,,,,,,,,,,,,
Contact Other Plane,U,C,66262,6.57,6791,9.51,14004,52.30%,2741,49.70%,4821,55.80%,7562,53.50%,7276,51.80%,1.8pp
,,,,,,,,,,,,,,,,,
Demilich,U,M,1956,3.19,432,3.7,562,,91,,148,,239,46.90%,328,50.90%,-4.1pp
,,,,,,,,,,,,,,,,,
Displacer Beast,U,U,17967,4.64,2600,6.3,8442,54.00%,1767,54.30%,4120,55.70%,5887,55.30%,4305,51.60%,3.7pp
,,,,,,,,,,,,,,,,,
Djinni Windseer,U,C,52168,4.91,7481,6.54,21075,54.60%,5520,55.00%,9881,58.60%,15401,57.30%,8974,51.50%,5.8pp
,,,,,,,,,,,,,,,,,
Dragon Turtle,U,R,3359,2.71,901,2.95,3730,54.10%,653,56.20%,1167,59.70%,1820,58.50%,1986,50.40%,8.1pp
,,,,,,,,,,,,,,,,,
Eccentric Apprentice,U,U,16666,4.26,2735,5.54,9045,54.20%,1972,54.90%,3225,58.90%,5197,57.40%,4441,51.40%,6.0pp
,,,,,,,,,,,,,,,,,
Feywild Trickster,U,U,17675,4.65,2648,6.11,6271,52.50%,1407,52.60%,2391,54.30%,3798,53.70%,2986,52.00%,1.7pp
,,,,,,,,,,,,,,,,,
Fly,U,U,18253,4.76,2421,6.6,7078,53.40%,1401,53.40%,2247,57.00%,3648,55.60%,3662,51.30%,4.3pp
,,,,,,,,,,,,,,,,,
"Grazilaxx, Illithid Scholar",U,R,2928,2.25,982,2.26,4255,54.30%,756,58.20%,1339,58.80%,2095,58.60%,2321,51.00%,7.6pp
,,,,,,,,,,,,,,,,,
Guild Thief,U,U,18392,4.9,2037,7.11,5546,51.80%,1189,50.80%,1749,52.20%,2938,51.60%,2875,51.70%,-0.1pp
,,,,,,,,,,,,,,,,,
"Iymrith, Desert Doom",U,M,919,1.33,664,1.26,3537,58.00%,581,66.30%,1048,67.60%,1629,67.10%,1961,51.20%,15.8pp
,,,,,,,,,,,,,,,,,
Mind Flayer,U,R,2648,1.91,1356,1.81,6853,58.10%,1136,62.70%,2178,65.20%,3314,64.40%,3700,52.90%,11.5pp
,,,,,,,,,,,,,,,,,
Mordenkainen,U,M,962,1.39,662,1.34,3235,56.00%,497,58.10%,991,60.90%,1488,60.00%,1757,52.90%,7.1pp
,,,,,,,,,,,,,,,,,
Mordenkainen's Polymorph,U,C,78354,9.02,6911,13.18,350,,55,,112,,167,,195,,
,,,,,,,,,,,,,,,,,
Pixie Guide,U,C,66276,6.8,6508,9.81,11636,52.60%,2923,53.00%,4308,53.00%,7231,53.00%,5516,51.60%,1.4pp
,,,,,,,,,,,,,,,,,
Power of Persuasion,U,U,25598,6.94,2514,10.52,1918,49.40%,386,48.20%,620,53.10%,1006,51.20%,1003,47.50%,3.7pp
,,,,,,,,,,,,,,,,,
Ray of Frost,U,U,19525,5.01,2785,6.93,8770,53.20%,1773,53.90%,2959,55.50%,4732,54.90%,4420,51.90%,3.0pp
,,,,,,,,,,,,,,,,,
Rimeshield Frost Giant,U,C,70903,7.39,7426,10.58,10994,52.70%,2048,52.20%,3918,55.60%,5966,54.50%,5598,51.00%,3.5pp
,,,,,,,,,,,,,,,,,
Scion of Stygia,U,C,65577,6.48,7730,9.05,16388,53.20%,4108,51.20%,6756,56.60%,10864,54.50%,7404,51.80%,2.7pp
,,,,,,,,,,,,,,,,,
Secret Door,U,C,75007,8.22,7473,11.77,6844,52.00%,1382,46.10%,2136,53.00%,3518,50.30%,3599,53.10%,-2.8pp
,,,,,,,,,,,,,,,,,
Shocking Grasp,U,C,77384,8.63,7860,12.34,3725,51.80%,741,52.20%,1195,54.50%,1936,53.60%,1951,50.10%,3.5pp
,,,,,,,,,,,,,,,,,
Shortcut Seeker,U,C,70667,7.44,6892,10.86,8658,51.60%,1771,50.90%,3113,52.10%,4884,51.70%,4322,51.20%,0.5pp
,,,,,,,,,,,,,,,,,
Silver Raven,U,C,74120,8.13,5639,12.38,2469,50.80%,570,51.20%,832,53.70%,1402,52.70%,1229,48.80%,3.9pp
,,,,,,,,,,,,,,,,,
Soulknife Spy,U,C,62208,6.04,7168,8.54,16150,52.80%,4046,53.10%,6555,54.50%,10601,54.00%,7526,51.80%,2.2pp
,,,,,,,,,,,,,,,,,
Split the Party,U,U,26133,7.39,2704,10.84,1628,52.40%,280,45.00%,476,57.40%,756,52.80%,898,52.20%,0.6pp
,,,,,,,,,,,,,,,,,
Sudden Insight,U,U,28873,8.15,3217,11.87,271,,47,,69,,116,,156,,
,,,,,,,,,,,,,,,,,
Tasha's Hideous Laughter,U,R,5817,4.51,708,6.43,575,,127,,241,55.60%,368,51.40%,266,46.20%,5.1pp
,,,,,,,,,,,,,,,,,
Trickster's Talisman,U,U,22316,5.78,2628,8.42,4719,50.60%,863,47.40%,1383,54.60%,2246,51.80%,2548,49.80%,2.0pp
,,,,,,,,,,,,,,,,,
True Polymorph,U,R,7400,5.32,951,7.78,454,,70,,142,,212,42.00%,252,44.00%,-2.1pp
,,,,,,,,,,,,,,,,,
Wizard Class,U,U,15913,4.19,2250,5.62,7890,52.50%,1524,52.00%,2502,53.40%,4026,52.90%,4079,52.00%,0.9pp
,,,,,,,,,,,,,,,,,
Wizard's Spellbook,U,R,6491,4.68,980,6.43,1154,49.20%,169,,355,52.10%,524,47.30%,633,50.90%,-3.5pp
,,,,,,,,,,,,,,,,,
You Come to a River,U,C,74904,7.92,7554,11.4,8560,53.90%,1622,49.80%,2821,57.20%,4443,54.50%,4476,53.50%,0.9pp
,,,,,,,,,,,,,,,,,
You Find the Villains' Lair,U,C,74118,8.03,6392,11.92,3629,52.50%,743,53.00%,1211,56.00%,1954,54.90%,1854,50.10%,4.8pp
,,,,,,,,,,,,,,,,,
You See a Guard Approach,U,C,78865,8.96,7712,12.76,2292,54.50%,403,49.40%,682,57.80%,1085,54.70%,1256,54.40%,0.3pp
,,,,,,,,,,,,,,,,,
Yuan-Ti Malison,U,R,2713,2.14,1105,2.05,5198,56.30%,978,64.60%,1517,61.20%,2495,62.50%,2847,51.10%,11.5pp
,,,,,,,,,,,,,,,,,
Acererak the Archlich,B,M,1033,1.64,605,1.61,2893,52.20%,515,47.80%,4027,51.40%,4542,51.00%,1600,54.20%,-3.2pp
,,,,,,,,,,,,,,,,,
Asmodeus the Archfiend,B,R,4970,3.67,857,4.77,1965,51.80%,290,49.70%,585,48.50%,875,48.90%,1125,53.70%,-4.8pp
,,,,,,,,,,,,,,,,,
Baleful Beholder,B,C,70110,6.83,10819,9.49,25928,56.10%,4155,53.50%,7741,55.90%,11896,55.10%,14687,56.60%,-1.5pp
,,,,,,,,,,,,,,,,,
Black Dragon,B,U,10985,2.84,4528,3.09,22656,57.10%,3665,58.70%,7160,61.00%,10825,60.20%,12471,54.80%,5.4pp
,,,,,,,,,,,,,,,,,
The Book of Vile Darkness,B,M,2806,3.94,429,5.3,125,,21,,39,,60,,66,,
,,,,,,,,,,,,,,,,,
Check for Traps,B,U,23544,5.84,3902,8.11,9695,54.10%,1846,54.40%,2528,50.80%,4374,52.30%,5418,55.30%,-3.0pp
,,,,,,,,,,,,,,,,,
Clattering Skeletons,B,C,62966,5.61,10410,7.85,32237,56.30%,6528,56.10%,11005,57.20%,17533,56.80%,16797,55.70%,1.1pp
,,,,,,,,,,,,,,,,,
Deadly Dispute,B,C,57097,5.19,13438,6.64,48901,57.60%,10989,58.20%,16522,58.40%,27511,58.30%,25014,57.20%,1.1pp
,,,,,,,,,,,,,,,,,
Death-Priest of Myrkul,B,U,12942,3.23,3727,3.84,16503,54.40%,3052,51.90%,5029,55.50%,8081,54.10%,9017,54.70%,-0.6pp
,,,,,,,,,,,,,,,,,
Demogorgon's Clutches,B,U,23120,6.05,2562,9.36,2896,51.60%,512,48.60%,723,54.50%,1235,52.10%,1687,51.20%,0.9pp
,,,,,,,,,,,,,,,,,
Devour Intellect,B,C,77736,8.77,7932,12.66,436,,78,,131,,209,45.90%,236,48.30%,-2.4pp
,,,,,,,,,,,,,,,,,
Drider,B,U,16730,4.16,2570,5.69,8738,52.80%,1453,48.10%,2625,51.70%,4078,50.40%,4943,54.60%,-4.2pp
,,,,,,,,,,,,,,,,,
Dungeon Crawler,B,U,21535,5.23,4277,6.95,14593,55.60%,2962,59.30%,4925,55.90%,7887,57.20%,7909,55.50%,1.7pp
,,,,,,,,,,,,,,,,,
"Ebondeath, Dracolich",B,M,903,1.28,722,1.28,3928,57.60%,655,66.40%,1095,63.30%,1750,64.50%,2221,52.10%,12.4pp
,,,,,,,,,,,,,,,,,
Eyes of the Beholder,B,C,71924,7.24,9244,10.38,10326,52.50%,1643,48.40%,3007,53.90%,4650,52.00%,5848,52.60%,-0.6pp
,,,,,,,,,,,,,,,,,
Fates' Reversal,B,C,68434,6.55,11386,9.05,27437,55.80%,4875,53.70%,8222,56.70%,13097,55.50%,15032,56.20%,-0.7pp
,,,,,,,,,,,,,,,,,
Feign Death,B,C,69076,6.7,10555,9.41,27121,56.90%,4831,57.00%,7819,57.30%,12650,57.20%,15071,56.70%,0.5pp
,,,,,,,,,,,,,,,,,
Forsworn Paladin,B,R,2576,1.86,1608,1.84,8819,58.10%,1593,61.80%,2371,60.60%,3964,61.10%,4977,56.00%,5.1pp
,,,,,,,,,,,,,,,,,
Gelatinous Cube,B,R,2215,1.55,1617,1.53,9079,60.20%,1594,63.90%,2749,65.60%,4343,65.00%,5034,56.50%,8.5pp
,,,,,,,,,,,,,,,,,
Grim Bounty,B,C,26170,2.53,13183,2.71,55366,57.70%,12544,58.70%,20094,61.60%,32638,60.50%,27132,55.10%,5.3pp
,,,,,,,,,,,,,,,,,
Grim Wanderer,B,U,14489,3.59,3852,4.38,18477,56.20%,3422,56.50%,5505,56.80%,8927,56.70%,10163,55.80%,0.9pp
,,,,,,,,,,,,,,,,,
Herald of Hadar,B,C,70864,6.93,8429,10.17,11965,53.20%,1989,49.80%,3628,51.40%,5617,50.80%,6700,54.70%,-3.8pp
,,,,,,,,,,,,,,,,,
Hired Hexblade,B,C,64787,5.97,13245,7.96,44092,57.30%,10433,56.30%,14822,56.30%,25255,56.30%,22143,57.90%,-1.5pp
,,,,,,,,,,,,,,,,,
Hoard Robber,B,C,57299,5.08,10936,6.75,41940,56.10%,9742,59.20%,13046,54.60%,22788,56.60%,21689,55.50%,1.1pp
,,,,,,,,,,,,,,,,,
Lightfoot Rogue,B,U,15604,3.8,3072,4.94,13429,54.70%,2680,55.50%,3852,54.20%,6532,54.80%,7331,54.40%,0.3pp
,,,,,,,,,,,,,,,,,
"Lolth, Spider Queen",B,M,832,1.14,745,1.13,4309,59.60%,724,67.00%,1147,66.90%,1871,66.90%,2451,54.10%,12.8pp
,,,,,,,,,,,,,,,,,
Manticore,B,C,66878,6.34,8921,9.17,18994,55.00%,3370,53.90%,5661,54.60%,9031,54.30%,10498,55.40%,-1.1pp
,,,,,,,,,,,,,,,,,
Power Word Kill,B,U,7837,2.07,4742,2.15,24569,58.00%,4767,61.00%,7199,62.50%,11966,61.90%,13198,54.80%,7.1pp
,,,,,,,,,,,,,,,,,
Precipitous Drop,B,C,40167,3.67,11846,4.41,44037,56.10%,10374,55.80%,16408,59.20%,26782,57.90%,21245,54.70%,3.2pp
,,,,,,,,,,,,,,,,,
Ray of Enfeeblement,B,U,16383,3.96,5334,4.61,24637,57.30%,4742,58.80%,7107,59.30%,11849,59.10%,13353,55.90%,3.2pp
,,,,,,,,,,,,,,,,,
Reaper's Talisman,B,U,9518,2.5,5295,2.61,26888,56.80%,5136,57.80%,7795,60.10%,12931,59.20%,14521,55.00%,4.2pp
,,,,,,,,,,,,,,,,,
Sepulcher Ghoul,B,C,56687,5.09,16163,6.15,53501,57.40%,14084,58.70%,19908,56.80%,33992,57.60%,25311,56.90%,0.6pp
,,,,,,,,,,,,,,,,,
Shambling Ghast,B,C,53497,4.61,13242,5.84,53267,57.20%,12765,60.60%,17912,56.40%,30677,58.20%,26581,55.90%,2.2pp
,,,,,,,,,,,,,,,,,
Skullport Merchant,B,U,10045,2.57,5511,2.72,27910,58.60%,5665,63.40%,8526,61.00%,14191,62.00%,14920,55.70%,6.3pp
,,,,,,,,,,,,,,,,,
Sphere of Annihilation,B,R,4580,3.5,790,4.32,1933,51.10%,329,50.50%,547,50.50%,876,50.50%,1064,51.50%,-1.0pp
,,,,,,,,,,,,,,,,,
Thieves' Tools,B,C,62652,5.98,9067,8.39,24021,53.90%,4553,50.10%,6522,52.40%,11075,51.50%,13306,55.80%,-4.3pp
,,,,,,,,,,,,,,,,,
Vampire Spawn,B,C,59698,5.32,14606,6.68,51116,57.90%,13220,58.40%,19938,59.70%,33158,59.20%,23830,56.30%,2.9pp
,,,,,,,,,,,,,,,,,
Vorpal Sword,B,R,2702,2.18,1138,2.17,5342,54.30%,903,54.30%,1398,54.00%,2301,54.10%,3050,54.40%,-0.3pp
,,,,,,,,,,,,,,,,,
Warlock Class,B,U,15966,3.84,5531,4.43,25684,58.80%,5170,61.60%,7413,61.00%,12583,61.30%,13754,57.00%,4.3pp
,,,,,,,,,,,,,,,,,
Westgate Regent,B,R,1949,1.33,1605,1.31,9008,56.90%,1555,61.00%,2623,62.90%,4178,62.20%,5082,52.70%,9.5pp
,,,,,,,,,,,,,,,,,
Wight,B,R,2726,1.95,1634,1.94,8980,57.80%,1663,63.10%,2369,56.90%,4032,59.50%,5136,56.50%,3.0pp
,,,,,,,,,,,,,,,,,
Yuan-Ti Fang-Blade,B,C,43890,3.88,9967,5,40721,55.50%,9287,56.20%,14557,55.60%,23844,55.80%,20355,55.10%,0.8pp
,,,,,,,,,,,,,,,,,
Zombie Ogre,B,C,64567,5.97,10794,8.24,32958,55.70%,6150,54.70%,10973,55.50%,17123,55.20%,17517,56.00%,-0.7pp
,,,,,,,,,,,,,,,,,
Armory Veteran,R,C,66385,6.2,12731,8.31,34695,54.50%,8264,54.80%,10766,50.60%,19030,52.40%,18146,55.80%,-3.4pp
,,,,,,,,,,,,,,,,,
Barbarian Class,R,U,22187,5.97,2697,8.88,3323,50.70%,674,47.60%,974,49.70%,1648,48.80%,1756,52.60%,-3.8pp
,,,,,,,,,,,,,,,,,
Battle Cry Goblin,R,U,9709,2.54,5806,2.64,29078,58.20%,6117,61.20%,8114,61.90%,14231,61.60%,15952,55.70%,5.9pp
,,,,,,,,,,,,,,,,,
Boots of Speed,R,C,71442,7.18,12296,9.66,26983,54.40%,4994,53.60%,7069,51.80%,12063,52.50%,15432,55.70%,-3.1pp
,,,,,,,,,,,,,,,,,
Brazen Dwarf,R,C,73264,7.75,8111,11.29,5540,51.20%,1260,49.20%,1704,47.70%,2964,48.30%,2915,53.10%,-4.8pp
,,,,,,,,,,,,,,,,,
Burning Hands,R,U,12711,3.25,4962,3.65,24014,56.10%,4723,56.60%,6289,55.80%,11012,56.10%,13555,55.90%,0.2pp
,,,,,,,,,,,,,,,,,
Chaos Channeler,R,U,12114,3.01,5155,3.31,25960,57.20%,4784,57.20%,7389,56.70%,12173,56.90%,14630,57.40%,-0.5pp
,,,,,,,,,,,,,,,,,
Critical Hit,R,U,25301,6.79,2889,10.27,1881,53.10%,293,48.80%,515,52.40%,808,51.10%,1101,54.80%,-3.7pp
,,,,,,,,,,,,,,,,,
"Delina, Wild Mage",R,R,2240,1.68,1360,1.63,7143,53.50%,1259,51.90%,1805,55.50%,3064,54.00%,4183,53.00%,0.9pp
,,,,,,,,,,,,,,,,,
Dragon's Fire,R,C,26769,2.6,14547,2.8,60783,57.20%,14880,59.30%,20021,59.40%,34901,59.40%,30583,55.20%,4.2pp
,,,,,,,,,,,,,,,,,
Dueling Rapier,R,C,69244,6.83,10353,9.53,22305,54.10%,4213,54.50%,6052,52.30%,10265,53.20%,12588,54.70%,-1.4pp
,,,,,,,,,,,,,,,,,
Earth-Cult Elemental,R,C,67464,6.45,11637,8.85,31430,56.40%,5742,57.10%,9774,56.30%,15516,56.60%,17235,56.10%,0.6pp
,,,,,,,,,,,,,,,,,
Farideh's Fireball,R,C,51035,4.63,10351,6.16,40243,55.60%,7545,52.90%,12036,55.80%,19581,54.70%,22191,56.10%,-1.4pp
,,,,,,,,,,,,,,,,,
Flameskull,R,M,1174,1.69,853,1.67,4725,57.10%,832,58.80%,1181,59.00%,2013,58.90%,2758,55.60%,3.3pp
,,,,,,,,,,,,,,,,,
Goblin Javelineer,R,C,68805,6.99,9300,9.99,15915,53.90%,3642,55.30%,4477,50.60%,8119,52.70%,8536,55.00%,-2.3pp
,,,,,,,,,,,,,,,,,
Goblin Morningstar,R,U,13850,3.35,5288,3.81,26160,56.60%,5317,57.90%,6924,56.80%,12241,57.30%,14490,55.90%,1.4pp
,,,,,,,,,,,,,,,,,
Hoarding Ogre,R,C,50196,4.45,12082,5.73,49907,56.10%,10745,56.60%,16196,55.10%,26941,55.70%,26092,56.20%,-0.5pp
,,,,,,,,,,,,,,,,,
Hobgoblin Bandit Lord,R,R,3480,2.6,1576,2.68,7391,55.70%,1253,54.80%,1872,53.90%,3125,54.30%,4372,56.60%,-2.4pp
,,,,,,,,,,,,,,,,,
Hobgoblin Captain,R,C,43222,3.82,15912,4.48,60410,56.80%,16308,58.90%,21504,55.50%,37812,56.90%,29043,56.60%,0.3pp
,,,,,,,,,,,,,,,,,
Hulking Bugbear,R,U,14894,3.61,4586,4.34,21840,55.30%,4312,56.30%,5868,53.60%,10180,54.80%,12262,55.70%,-0.9pp
,,,,,,,,,,,,,,,,,
Improvised Weaponry,R,C,50822,4.48,13018,5.65,51983,56.20%,11656,56.80%,15705,56.00%,27361,56.30%,27214,56.00%,0.3pp
,,,,,,,,,,,,,,,,,
Inferno of the Star Mounts,R,M,893,1.23,760,1.23,4344,57.60%,687,63.50%,1108,63.80%,1795,63.70%,2587,53.30%,10.4pp
,,,,,,,,,,,,,,,,,
Jaded Sell-Sword,R,C,68839,6.56,10628,9.2,24295,55.30%,4703,54.50%,7271,53.60%,11974,54.00%,13385,56.20%,-2.2pp
,,,,,,,,,,,,,,,,,
Kick in the Door,R,C,77053,8.31,8641,12,1455,50.70%,252,46.00%,362,48.30%,614,47.40%,865,52.10%,-4.7pp
,,,,,,,,,,,,,,,,,
Magic Missile,R,U,9662,2.53,5185,2.69,26300,57.30%,4983,56.70%,7056,58.80%,12039,57.90%,14858,56.80%,1.1pp
,,,,,,,,,,,,,,,,,
Meteor Swarm,R,R,2547,1.88,1841,1.85,10427,58.60%,1725,63.50%,2671,64.50%,4396,64.10%,6106,54.70%,9.4pp
,,,,,,,,,,,,,,,,,
Minion of the Mighty,R,R,8038,5.54,1112,8.16,248,,49,,61,,110,,139,,
,,,,,,,,,,,,,,,,,
Orb of Dragonkind,R,R,8633,5.95,1288,8.63,244,,35,,55,,90,,155,,
,,,,,,,,,,,,,,,,,
Plundering Barbarian,R,C,51656,4.56,14397,5.69,59318,56.60%,14094,56.40%,18850,56.50%,32944,56.50%,30546,56.40%,0.1pp
,,,,,,,,,,,,,,,,,
Price of Loyalty,R,C,59190,5.51,16376,6.61,42430,58.40%,11176,58.70%,17659,61.90%,28835,60.70%,18993,55.90%,4.8pp
,,,,,,,,,,,,,,,,,
Red Dragon,R,U,11253,2.87,4566,3.2,23567,57.20%,4026,57.60%,6565,59.90%,10591,59.00%,13458,55.60%,3.4pp
,,,,,,,,,,,,,,,,,
Rust Monster,R,U,19823,4.83,4950,6.06,19949,55.00%,3903,53.90%,5447,54.20%,9350,54.10%,11245,55.60%,-1.5pp
,,,,,,,,,,,,,,,,,
Swarming Goblins,R,C,53964,4.81,13535,6.08,52943,57.20%,11437,59.00%,17731,59.10%,29168,59.10%,27420,55.60%,3.4pp
,,,,,,,,,,,,,,,,,
Tiger-Tribe Hunter,R,U,17259,4.22,5087,5,21031,55.60%,3703,53.30%,5899,54.00%,9602,53.70%,12068,57.10%,-3.3pp
,,,,,,,,,,,,,,,,,
Unexpected Windfall,R,C,70534,7.04,10665,9.85,21404,54.60%,3699,51.40%,5657,53.20%,9356,52.50%,12504,56.00%,-3.5pp
,,,,,,,,,,,,,,,,,
Valor Singer,R,C,55095,4.88,13321,6.27,51198,56.70%,12026,57.90%,16483,55.50%,28509,56.50%,26361,56.80%,-0.3pp
,,,,,,,,,,,,,,,,,
Wish,R,R,9069,6.15,1337,9.05,93,,13,,27,,40,,53,,
,,,,,,,,,,,,,,,,,
Xorn,R,R,4087,3.08,1337,3.44,5973,54.30%,1049,53.00%,1503,51.30%,2552,52.00%,3513,55.70%,-3.7pp
,,,,,,,,,,,,,,,,,
You Come to the Gnoll Camp,R,C,76347,8,10319,11.31,6704,53.90%,1069,50.40%,1723,52.50%,2792,51.70%,3999,55.30%,-3.6pp
,,,,,,,,,,,,,,,,,
You Find Some Prisoners,R,U,24421,6.11,3444,9.06,5597,52.80%,1005,48.60%,1401,50.70%,2406,49.80%,3249,54.90%,-5.1pp
,,,,,,,,,,,,,,,,,
You See a Pair of Goblins,R,U,19597,4.64,4312,5.99,16992,55.60%,3190,52.90%,4467,55.20%,7657,54.20%,9710,56.60%,-2.4pp
,,,,,,,,,,,,,,,,,
"Zalto, Fire Giant Duke",R,R,3326,2.61,1139,2.75,5306,52.70%,785,52.00%,1424,53.10%,2209,52.70%,3175,52.90%,-0.2pp
,,,,,,,,,,,,,,,,,
"Zariel, Archduke of Avernus",R,M,892,1.25,715,1.24,4018,58.20%,705,65.20%,940,63.10%,1645,64.00%,2384,54.30%,9.7pp
,,,,,,,,,,,,,,,,,
Bulette,G,C,69291,6.99,7774,10.23,11056,52.70%,1972,49.90%,3416,51.80%,5388,51.10%,6112,53.80%,-2.7pp
,,,,,,,,,,,,,,,,,
Bull's Strength,G,C,70946,7.19,11681,9.65,28153,55.70%,5559,53.30%,9007,56.60%,14566,55.30%,14838,55.90%,-0.6pp
,,,,,,,,,,,,,,,,,
Choose Your Weapon,G,U,23414,5.96,3129,8.66,7266,53.70%,1098,52.40%,1978,54.50%,3076,53.70%,4249,53.60%,0.1pp
,,,,,,,,,,,,,,,,,
Circle of Dreams Druid,G,R,6208,4.58,811,6.55,738,,142,,208,44.70%,350,44.60%,396,51.00%,-6.4pp
,,,,,,,,,,,,,,,,,
Circle of the Moon Druid,G,C,66144,6.3,10955,8.56,31434,55.30%,7412,56.10%,10913,54.50%,18325,55.10%,15695,55.20%,-0.1pp
,,,,,,,,,,,,,,,,,
Compelled Duel,G,C,75835,8.22,8200,11.87,4443,52.10%,788,50.40%,1255,49.00%,2043,49.50%,2522,53.80%,-4.2pp
,,,,,,,,,,,,,,,,,
Dire Wolf Prowler,G,C,68880,6.83,9277,9.59,18138,53.40%,3914,51.60%,5692,51.90%,9606,51.80%,9512,54.50%,-2.7pp
,,,,,,,,,,,,,,,,,
Druid Class,G,U,19319,4.94,3078,6.79,9224,54.70%,1687,54.10%,2743,55.00%,4430,54.70%,4941,54.70%,-0.0pp
,,,,,,,,,,,,,,,,,
Ellywick Tumblestrum,G,M,997,1.4,671,1.34,3286,54.10%,554,53.60%,885,58.90%,1439,56.80%,1867,52.20%,4.6pp
,,,,,,,,,,,,,,,,,
Elturgard Ranger,G,C,65457,6.21,11523,8.36,33237,55.10%,6557,55.10%,11375,56.20%,17932,55.80%,17278,54.40%,1.4pp
,,,,,,,,,,,,,,,,,
Find the Path,G,C,72274,7.75,7463,11.4,5287,51.60%,1087,51.10%,1656,50.20%,2743,50.60%,2748,52.20%,-1.7pp
,,,,,,,,,,,,,,,,,
Froghemoth,G,R,2343,1.62,1451,1.58,7491,55.00%,1255,53.50%,2104,55.40%,3359,54.70%,4262,55.10%,-0.4pp
,,,,,,,,,,,,,,,,,
Gnoll Hunter,G,C,52961,4.72,13036,5.86,43001,55.30%,12115,56.90%,16542,55.20%,28657,55.90%,19657,54.40%,1.5pp
,,,,,,,,,,,,,,,,,
Green Dragon,G,U,18144,4.54,2586,6.39,8149,52.30%,1356,53.40%,2471,53.30%,3827,53.30%,4501,51.50%,1.9pp
,,,,,,,,,,,,,,,,,
Hill Giant Herdgorger,G,C,58601,5.42,12720,6.92,43811,55.40%,8751,55.40%,16783,57.20%,25534,56.60%,21990,54.20%,2.4pp
,,,,,,,,,,,,,,,,,
Hunter's Mark,G,U,13090,3.36,4983,3.77,23130,56.50%,4312,58.00%,7048,60.10%,11360,59.30%,12512,54.30%,5.0pp
,,,,,,,,,,,,,,,,,
Inspiring Bard,G,C,66493,6.35,11377,8.61,33566,55.50%,7347,54.90%,11746,56.20%,19093,55.70%,17012,54.90%,0.8pp
,,,,,,,,,,,,,,,,,
Instrument of the Bards,G,R,6550,4.71,933,6.84,929,49.60%,142,,240,42.50%,382,45.30%,549,52.80%,-7.5pp
,,,,,,,,,,,,,,,,,
Intrepid Outlander,G,U,13690,3.41,4535,3.91,20545,56.40%,4419,58.60%,6362,57.10%,10781,57.70%,10741,55.40%,2.3pp
,,,,,,,,,,,,,,,,,
Loathsome Troll,G,U,21506,5.44,2927,7.87,6475,51.00%,1086,45.70%,3124,47.90%,4210,47.30%,3593,53.00%,-5.7pp
,,,,,,,,,,,,,,,,,
Long Rest,G,R,7320,5.01,1228,6.89,2037,51.50%,323,49.20%,572,52.10%,895,51.10%,1149,51.60%,-0.5pp
,,,,,,,,,,,,,,,,,
Lurking Roper,G,U,16222,4.08,4902,4.65,20271,56.00%,4381,58.50%,6598,56.60%,10979,57.30%,10488,54.60%,2.7pp
,,,,,,,,,,,,,,,,,
Neverwinter Dryad,G,C,71852,7.6,7917,11.02,9345,52.50%,1971,52.90%,2765,52.20%,4736,52.40%,5002,52.00%,0.5pp
,,,,,,,,,,,,,,,,,
Ochre Jelly,G,R,2427,1.8,1579,1.77,8631,56.10%,1529,56.30%,2517,59.20%,4046,58.10%,4761,54.50%,3.6pp
,,,,,,,,,,,,,,,,,
Old Gnawbone,G,M,1059,1.53,671,1.51,3438,55.30%,517,55.50%,1088,61.20%,1605,59.40%,1905,52.20%,7.2pp
,,,,,,,,,,,,,,,,,
Owlbear,G,C,40221,3.7,12800,4.33,45739,55.50%,11023,55.90%,18394,58.10%,29417,57.30%,21898,53.90%,3.4pp
,,,,,,,,,,,,,,,,,
Plummet,G,C,79280,9.02,8214,12.84,833,48.50%,140,,229,45.90%,369,47.20%,470,49.10%,-2.0pp
,,,,,,,,,,,,,,,,,
Prosperous Innkeeper,G,U,12159,3.17,4055,3.55,18836,56.20%,3882,60.20%,5649,57.50%,9531,58.60%,9922,54.10%,4.5pp
,,,,,,,,,,,,,,,,,
Purple Worm,G,U,14614,3.78,3606,4.56,15418,54.30%,2551,52.50%,4703,54.70%,7254,53.90%,8569,54.60%,-0.7pp
,,,,,,,,,,,,,,,,,
Ranger Class,G,R,2020,1.44,1592,1.42,9120,58.70%,1695,68.40%,2619,62.70%,4314,65.00%,4852,53.20%,11.7pp
,,,,,,,,,,,,,,,,,
Ranger's Longbow,G,C,76956,8.41,8036,12.18,2823,51.40%,461,46.40%,743,47.20%,1204,46.90%,1644,54.20%,-7.3pp
,,,,,,,,,,,,,,,,,
Scaled Herbalist,G,C,75318,8.31,7854,12.01,4128,50.20%,789,49.70%,1189,47.50%,1978,48.40%,2250,51.20%,-2.8pp
,,,,,,,,,,,,,,,,,
Spoils of the Hunt,G,C,48275,4.42,13327,5.38,46775,55.50%,11596,54.20%,18289,57.80%,29885,56.40%,21723,54.50%,2.0pp
,,,,,,,,,,,,,,,,,
Sylvan Shepherd,G,C,63211,5.98,8810,8.49,23557,54.40%,5311,54.90%,7967,53.70%,13278,54.20%,11944,54.20%,-0.1pp
,,,,,,,,,,,,,,,,,
The Tarrasque,G,M,1419,2.33,560,2.3,2106,53.20%,330,57.00%,611,58.30%,941,57.80%,1172,49.60%,8.2pp
,,,,,,,,,,,,,,,,,
Underdark Basilisk,G,C,57480,5.13,11351,6.72,39082,54.90%,9700,54.60%,14575,54.80%,24275,54.70%,18749,54.80%,-0.1pp
,,,,,,,,,,,,,,,,,
"Varis, Silverymoon Ranger",G,R,2322,1.61,1487,1.56,8063,57.30%,1440,63.30%,2296,60.80%,3736,61.70%,4495,53.80%,8.0pp
,,,,,,,,,,,,,,,,,
Wandering Troubadour,G,U,12599,3.23,4148,3.7,18961,55.40%,3648,55.90%,5995,56.80%,9643,56.40%,10155,54.90%,1.5pp
,,,,,,,,,,,,,,,,,
Werewolf Pack Leader,G,R,2312,1.8,1363,1.76,7252,56.40%,1331,63.00%,1929,57.50%,3260,59.70%,4136,53.90%,5.8pp
,,,,,,,,,,,,,,,,,
Wild Shape,G,U,27194,7.22,3287,10.63,2494,53.90%,404,52.50%,660,54.40%,1064,53.70%,1448,53.90%,-0.2pp
,,,,,,,,,,,,,,,,,
You Find a Cursed Idol,G,C,71368,7.31,8538,10.56,12732,52.00%,2364,47.00%,3443,51.20%,5807,49.50%,7119,53.90%,-4.4pp
,,,,,,,,,,,,,,,,,
You Happen On a Glade,G,U,21008,5.13,3574,6.96,12147,53.70%,2293,51.90%,3335,55.00%,5628,53.70%,6712,53.70%,0.1pp
,,,,,,,,,,,,,,,,,
You Meet in a Tavern,G,U,22319,5.57,3479,7.8,9721,55.00%,1634,53.10%,2619,55.70%,4253,54.70%,5577,55.40%,-0.7pp
,,,,,,,,,,,,,,,,,
Adult Gold Dragon,WR,R,2216,1.56,1759,1.53,10040,57.80%,1734,60.50%,2743,64.00%,4477,62.60%,5771,54.20%,8.4pp
,,,,,,,,,,,,,,,,,
Bard Class,RG,R,8267,5.86,1152,8.7,48,,9,,11,,20,,28,,
,,,,,,,,,,,,,,,,,
Barrowin of Clan Undurr,WB,U,17187,4.44,3647,5.56,11447,54.60%,2300,54.10%,4145,58.40%,6445,56.90%,5796,52.90%,4.0pp
,,,,,,,,,,,,,,,,,
Bruenor Battlehammer,WR,U,15326,4.09,4335,4.57,13408,53.50%,2841,56.10%,3932,56.20%,6773,56.20%,7343,51.40%,4.8pp
,,,,,,,,,,,,,,,,,
Drizzt Do'Urden,WG,R,2272,1.67,1615,1.6,8799,57.80%,1536,63.70%,2593,63.80%,4129,63.70%,4820,53.10%,10.7pp
,,,,,,,,,,,,,,,,,
"Farideh, Devil's Chosen",UR,U,20954,5.74,2993,7.99,4766,52.80%,1026,51.80%,1619,53.40%,2645,52.80%,2410,53.30%,-0.5pp
,,,,,,,,,,,,,,,,,
Fighter Class,WR,R,5607,4.21,1231,5.06,2988,52.40%,551,46.10%,725,51.60%,1276,49.20%,1718,54.80%,-5.6pp
,,,,,,,,,,,,,,,,,
Gretchen Titchwillow,UG,U,22984,6.2,3142,8.76,4559,53.80%,984,55.30%,1615,55.90%,2599,55.70%,2257,52.40%,3.3pp
,,,,,,,,,,,,,,,,,
"Hama Pashar, Ruin Seeker",WU,U,21685,5.86,2854,8.33,4395,49.50%,880,45.50%,1591,52.40%,2471,49.90%,2204,49.80%,0.1pp
,,,,,,,,,,,,,,,,,
"Kalain, Reclusive Painter",BR,U,12917,3.52,5194,3.81,22125,58.10%,4738,62.50%,6660,57.50%,11398,59.60%,11719,56.60%,3.0pp
,,,,,,,,,,,,,,,,,
Krydle of Baldur's Gate,UB,U,17769,4.66,3140,6.03,8631,54.70%,1727,58.10%,2998,58.20%,4725,58.20%,4394,51.60%,6.5pp
,,,,,,,,,,,,,,,,,
"Minsc, Beloved Ranger",WRG,M,1799,2.82,646,2.86,1906,52.90%,291,55.70%,512,51.60%,803,53.10%,1117,52.90%,0.1pp
,,,,,,,,,,,,,,,,,
Monk Class,WU,R,6235,4.79,1066,6.18,1417,49.50%,255,46.30%,448,52.70%,703,50.40%,732,48.60%,1.7pp
,,,,,,,,,,,,,,,,,
"Orcus, Prince of Undeath",BR,R,2179,1.6,1731,1.57,9907,58.40%,1613,61.70%,2712,65.20%,4325,63.90%,5731,54.50%,9.4pp
,,,,,,,,,,,,,,,,,
Rogue Class,UB,R,4911,3.91,915,5.05,1894,50.90%,293,45.10%,579,47.50%,872,46.70%,1032,54.40%,-7.7pp
,,,,,,,,,,,,,,,,,
"Shessra, Death's Whisper",BG,U,22943,5.91,3523,8.21,6584,52.80%,1177,50.20%,2045,51.80%,3222,51.20%,3579,53.80%,-2.6pp
,,,,,,,,,,,,,,,,,
Skeletal Swarming,BG,R,2397,1.78,1654,1.72,8736,54.30%,1489,54.50%,2505,56.40%,3994,55.70%,4803,53.00%,2.7pp
,,,,,,,,,,,,,,,,,
Sorcerer Class,UR,R,8094,5.81,1127,8.52,100,,17,,28,,45,,55,,
,,,,,,,,,,,,,,,,,
"Targ Nar, Demon-Fang Gnoll",RG,U,19327,5.05,4512,5.95,12494,56.30%,2864,58.30%,3736,56.50%,6600,57.30%,6585,55.50%,1.8pp
,,,,,,,,,,,,,,,,,
Tiamat,WUBRG,M,2461,3.75,525,4.62,488,,60,,131,,191,,301,56.80%,
,,,,,,,,,,,,,,,,,
"Trelasarra, Moon Dancer",WG,U,15606,4.27,3871,4.91,13581,56.40%,3054,59.40%,4722,57.70%,7776,58.30%,6713,54.40%,4.0pp
,,,,,,,,,,,,,,,,,
Triumphant Adventurer,WB,R,3211,2.48,1422,2.4,6125,55.40%,1064,64.40%,1935,59.40%,2999,61.20%,3354,51.00%,10.2pp
,,,,,,,,,,,,,,,,,
"Volo, Guide to Monsters",UG,R,3338,2.68,1265,2.62,4713,52.40%,850,53.30%,1450,56.10%,2300,55.00%,2517,50.30%,4.7pp
,,,,,,,,,,,,,,,,,
"Xanathar, Guild Kingpin",UB,M,977,1.38,795,1.36,4253,55.70%,673,55.40%,1326,61.30%,1999,59.30%,2354,52.60%,6.7pp
,,,,,,,,,,,,,,,,,
Bag of Holding,,U,26658,6.85,3157,10.13,2508,50.80%,458,43.90%,640,47.80%,1098,46.20%,1418,54.30%,-8.1pp
,,,,,,,,,,,,,,,,,
The Deck of Many Things,,M,1154,1.73,785,1.68,4340,53.00%,694,49.00%,1168,53.90%,1862,52.10%,2484,53.70%,-1.6pp
,,,,,,,,,,,,,,,,,
Dungeon Map,,U,21603,5.09,4141,6.71,14347,53.00%,2516,49.90%,3966,54.00%,6482,52.40%,7965,53.40%,-1.0pp
,,,,,,,,,,,,,,,,,
Eye of Vecna,,R,4311,3.18,939,3.66,3424,51.40%,637,46.90%,845,49.90%,1482,48.70%,1950,53.50%,-4.8pp
,,,,,,,,,,,,,,,,,
Fifty Feet of Rope,,U,26087,6.69,3116,9.83,3263,50.70%,581,46.50%,893,51.60%,1474,49.60%,1806,51.40%,-1.8pp
,,,,,,,,,,,,,,,,,
Greataxe,,C,78204,8.61,7729,12.42,1934,49.00%,331,45.60%,489,46.20%,820,46.00%,1136,51.00%,-5.0pp
,,,,,,,,,,,,,,,,,
Hand of Vecna,,R,3051,2.37,1440,2.3,7477,54.30%,1313,55.60%,1870,52.60%,3183,53.80%,4314,54.80%,-1.0pp
,,,,,,,,,,,,,,,,,
Iron Golem,,U,25613,6.23,2620,9.42,3487,53.50%,601,49.10%,1023,53.40%,1624,51.80%,1961,55.10%,-3.3pp
,,,,,,,,,,,,,,,,,
Leather Armor,,C,77599,8.41,7766,12.2,2124,50.10%,360,49.40%,553,48.50%,913,48.80%,1236,50.80%,-2.0pp
,,,,,,,,,,,,,,,,,
Mimic,,C,77406,8.31,6792,12.31,1374,48.80%,258,47.70%,372,45.70%,630,46.50%,765,50.10%,-3.6pp
,,,,,,,,,,,,,,,,,
Spare Dagger,,C,77773,8.18,10716,11.31,7620,52.80%,1510,52.30%,2339,52.00%,3849,52.10%,4052,53.00%,-0.8pp
,,,,,,,,,,,,,,,,,
Spiked Pit Trap,,C,71536,6.78,9571,9.73,17277,53.50%,3083,50.00%,4984,55.70%,8067,53.50%,9579,53.40%,0.1pp
,,,,,,,,,,,,,,,,,
Treasure Chest,,R,5356,3.87,663,5.44,1189,47.50%,183,,335,48.40%,518,45.80%,683,48.80%,-3.0pp
,,,,,,,,,,,,,,,,,
Cave of the Frost Dragon,W,R,2995,2.24,1365,2.32,6608,56.00%,1230,61.00%,1620,56.30%,2850,58.30%,3773,54.20%,4.1pp
,,,,,,,,,,,,,,,,,
Den of the Bugbear,R,R,3224,2.35,1530,2.42,8138,57.70%,1513,63.70%,1927,57.00%,3440,60.00%,4722,56.00%,4.0pp
,,,,,,,,,,,,,,,,,
Dungeon Descent,,R,8761,5.96,1264,8.65,337,,73,,82,,155,,182,,
,,,,,,,,,,,,,,,,,
Evolving Wilds,,C,58738,4.9,11811,6.72,56044,55.40%,12321,57.90%,15847,52.90%,28168,55.10%,29900,55.50%,-0.4pp
,,,,,,,,,,,,,,,,,
Hall of Storm Giants,U,R,3548,2.74,910,3.06,3590,54.90%,654,58.70%,1062,57.10%,1716,57.70%,1891,52.40%,5.3pp
,,,,,,,,,,,,,,,,,
Hive of the Eye Tyrant,B,R,3586,2.53,1494,2.64,7681,58.00%,1404,62.20%,1931,57.60%,3335,59.60%,4367,56.80%,2.7pp
,,,,,,,,,,,,,,,,,
Lair of the Hydra,G,R,3186,2.41,1334,2.45,6529,56.70%,1161,58.70%,1700,59.40%,2861,59.10%,3697,55.00%,4.1pp
,,,,,,,,,,,,,,,,,
Temple of the Dragon Queen,,U,21189,4.85,4849,6.6,24005,55.20%,4817,57.50%,6203,53.20%,11020,55.00%,13386,55.30%,-0.2pp
,,,,,,,,,,,,,,,,,
Treasure Vault,,R,7862,5.36,1029,7.84,939,51.10%,151,,260,51.20%,411,50.60%,533,51.80%,-1.2pp
,,,,,,,,,,,,,,,,,
